{"generated":"analysis/extract-path.js","profileFile":"ravi-place-home-forward.json","sessionFile":"Ravi-place_Home_forward_hand_normal_20260619-095345.jsonl","bins":960,"bounds":{"minX":-2.0970881795845497,"maxX":9.1166,"minZ":-6.227684945330297,"maxZ":-0.7562},"path":[[0.029,-0.756],[0.027,-0.772],[0.025,-0.787],[0.018,-0.8],[0.014,-0.815],[0.011,-0.831],[0.008,-0.846],[-0.002,-0.854],[-0.006,-0.869],[-0.01,-0.885],[-0.015,-0.886],[-0.023,-0.887],[-0.027,-0.902],[-0.031,-0.915],[-0.035,-0.908],[-0.039,-0.923],[-0.042,-0.939],[-0.047,-0.952],[-0.051,-0.967],[-0.054,-0.982],[-0.058,-0.997],[-0.064,-1.012],[-0.068,-1.027],[-0.072,-1.042],[-0.076,-1.057],[-0.081,-1.072],[-0.085,-1.087],[-0.09,-1.102],[-0.096,-1.116],[-0.101,-1.131],[-0.107,-1.145],[-0.114,-1.159],[-0.121,-1.173],[-0.128,-1.187],[-0.136,-1.2],[-0.143,-1.215],[-0.149,-1.229],[-0.156,-1.243],[-0.164,-1.256],[-0.172,-1.27],[-0.18,-1.283],[-0.186,-1.298],[-0.193,-1.312],[-0.201,-1.325],[-0.209,-1.338],[-0.216,-1.352],[-0.224,-1.366],[-0.233,-1.378],[-0.242,-1.391],[-0.25,-1.404],[-0.257,-1.419],[-0.264,-1.432],[-0.273,-1.445],[-0.281,-1.458],[-0.289,-1.472],[-0.297,-1.485],[-0.305,-1.499],[-0.314,-1.512],[-0.322,-1.525],[-0.33,-1.539],[-0.336,-1.553],[-0.343,-1.567],[-0.349,-1.581],[-0.356,-1.595],[-0.362,-1.61],[-0.37,-1.623],[-0.378,-1.637],[-0.386,-1.65],[-0.394,-1.663],[-0.403,-1.676],[-0.412,-1.689],[-0.423,-1.701],[-0.435,-1.71],[-0.446,-1.721],[-0.458,-1.731],[-0.47,-1.741],[-0.483,-1.748],[-0.497,-1.753],[-0.51,-1.762],[-0.522,-1.772],[-0.534,-1.782],[-0.548,-1.788],[-0.56,-1.797],[-0.572,-1.807],[-0.583,-1.818],[-0.594,-1.829],[-0.605,-1.84],[-0.615,-1.853],[-0.624,-1.865],[-0.634,-1.877],[-0.645,-1.889],[-0.655,-1.9],[-0.665,-1.912],[-0.675,-1.924],[-0.685,-1.936],[-0.695,-1.948],[-0.705,-1.961],[-0.714,-1.973],[-0.724,-1.985],[-0.734,-1.997],[-0.744,-2.009],[-0.755,-2.02],[-0.765,-2.032],[-0.775,-2.045],[-0.784,-2.057],[-0.795,-2.069],[-0.806,-2.08],[-0.816,-2.092],[-0.826,-2.103],[-0.836,-2.115],[-0.846,-2.127],[-0.855,-2.14],[-0.863,-2.154],[-0.871,-2.167],[-0.88,-2.18],[-0.887,-2.194],[-0.895,-2.207],[-0.904,-2.22],[-0.912,-2.233],[-0.92,-2.247],[-0.93,-2.259],[-0.938,-2.272],[-0.946,-2.286],[-0.955,-2.298],[-0.966,-2.309],[-0.975,-2.322],[-0.984,-2.335],[-0.995,-2.346],[-1.007,-2.356],[-1.017,-2.368],[-1.027,-2.38],[-1.037,-2.392],[-1.048,-2.403],[-1.058,-2.415],[-1.067,-2.427],[-1.078,-2.439],[-1.089,-2.45],[-1.098,-2.463],[-1.107,-2.475],[-1.118,-2.487],[-1.127,-2.499],[-1.136,-2.512],[-1.145,-2.525],[-1.154,-2.537],[-1.164,-2.55],[-1.173,-2.563],[-1.18,-2.576],[-1.189,-2.589],[-1.199,-2.602],[-1.207,-2.614],[-1.215,-2.628],[-1.223,-2.641],[-1.232,-2.654],[-1.241,-2.667],[-1.246,-2.682],[-1.253,-2.696],[-1.262,-2.709],[-1.271,-2.721],[-1.28,-2.734],[-1.288,-2.747],[-1.298,-2.76],[-1.308,-2.772],[-1.318,-2.784],[-1.327,-2.796],[-1.336,-2.809],[-1.346,-2.821],[-1.356,-2.833],[-1.366,-2.845],[-1.376,-2.857],[-1.386,-2.869],[-1.396,-2.881],[-1.406,-2.893],[-1.416,-2.905],[-1.425,-2.918],[-1.435,-2.93],[-1.445,-2.942],[-1.455,-2.954],[-1.464,-2.967],[-1.473,-2.979],[-1.482,-2.993],[-1.49,-3.006],[-1.499,-3.019],[-1.507,-3.032],[-1.516,-3.045],[-1.525,-3.058],[-1.533,-3.071],[-1.543,-3.083],[-1.552,-3.095],[-1.562,-3.108],[-1.572,-3.12],[-1.582,-3.132],[-1.592,-3.144],[-1.602,-3.156],[-1.613,-3.167],[-1.624,-3.178],[-1.635,-3.189],[-1.646,-3.2],[-1.657,-3.211],[-1.668,-3.222],[-1.68,-3.233],[-1.691,-3.243],[-1.704,-3.253],[-1.717,-3.262],[-1.73,-3.27],[-1.743,-3.279],[-1.756,-3.287],[-1.769,-3.295],[-1.782,-3.305],[-1.794,-3.315],[-1.804,-3.326],[-1.815,-3.338],[-1.825,-3.35],[-1.834,-3.362],[-1.843,-3.375],[-1.853,-3.388],[-1.862,-3.4],[-1.871,-3.413],[-1.881,-3.425],[-1.89,-3.438],[-1.899,-3.451],[-1.908,-3.464],[-1.916,-3.476],[-1.925,-3.489],[-1.934,-3.502],[-1.943,-3.515],[-1.951,-3.528],[-1.96,-3.541],[-1.968,-3.555],[-1.978,-3.567],[-1.988,-3.579],[-1.995,-3.592],[-2.003,-3.606],[-2.01,-3.62],[-2.017,-3.634],[-2.021,-3.649],[-2.025,-3.664],[-2.026,-3.68],[-2.025,-3.695],[-2.029,-3.71],[-2.041,-3.72],[-2.043,-3.72],[-2.076,-3.724],[-2.097,-3.721],[-2.065,-3.713],[-2.033,-3.708],[-2,-3.702],[-1.968,-3.696],[-1.936,-3.687],[-1.905,-3.675],[-1.875,-3.662],[-1.846,-3.647],[-1.817,-3.631],[-1.788,-3.614],[-1.761,-3.596],[-1.735,-3.576],[-1.71,-3.554],[-1.684,-3.534],[-1.661,-3.511],[-1.649,-3.481],[-1.642,-3.448],[-1.633,-3.416],[-1.626,-3.384],[-1.618,-3.352],[-1.61,-3.32],[-1.602,-3.288],[-1.593,-3.256],[-1.583,-3.225],[-1.573,-3.193],[-1.562,-3.162],[-1.551,-3.131],[-1.539,-3.1],[-1.527,-3.07],[-1.515,-3.039],[-1.504,-3.008],[-1.494,-2.976],[-1.484,-2.945],[-1.474,-2.913],[-1.466,-2.881],[-1.457,-2.849],[-1.451,-2.817],[-1.445,-2.785],[-1.44,-2.752],[-1.437,-2.719],[-1.437,-2.686],[-1.442,-2.654],[-1.452,-2.622],[-1.459,-2.59],[-1.453,-2.559],[-1.432,-2.534],[-1.407,-2.512],[-1.38,-2.493],[-1.353,-2.474],[-1.325,-2.457],[-1.296,-2.442],[-1.265,-2.428],[-1.235,-2.416],[-1.204,-2.404],[-1.174,-2.39],[-1.145,-2.375],[-1.116,-2.359],[-1.088,-2.341],[-1.062,-2.321],[-1.038,-2.298],[-1.015,-2.275],[-0.994,-2.249],[-0.973,-2.224],[-0.952,-2.198],[-0.931,-2.172],[-0.91,-2.147],[-0.889,-2.122],[-0.868,-2.096],[-0.848,-2.07],[-0.828,-2.043],[-0.81,-2.016],[-0.791,-1.989],[-0.773,-1.962],[-0.755,-1.933],[-0.739,-1.905],[-0.722,-1.876],[-0.705,-1.848],[-0.687,-1.82],[-0.669,-1.793],[-0.65,-1.766],[-0.631,-1.739],[-0.611,-1.712],[-0.59,-1.687],[-0.569,-1.661],[-0.547,-1.637],[-0.524,-1.613],[-0.5,-1.59],[-0.477,-1.566],[-0.454,-1.543],[-0.428,-1.522],[-0.402,-1.502],[-0.378,-1.48],[-0.353,-1.458],[-0.329,-1.435],[-0.305,-1.413],[-0.282,-1.389],[-0.258,-1.366],[-0.234,-1.344],[-0.209,-1.322],[-0.184,-1.301],[-0.157,-1.281],[-0.13,-1.262],[-0.102,-1.245],[-0.073,-1.229],[-0.044,-1.214],[-0.013,-1.201],[0.017,-1.189],[0.048,-1.178],[0.079,-1.166],[0.11,-1.154],[0.141,-1.142],[0.171,-1.129],[0.202,-1.116],[0.232,-1.104],[0.263,-1.092],[0.294,-1.079],[0.325,-1.069],[0.356,-1.059],[0.388,-1.049],[0.42,-1.04],[0.451,-1.031],[0.483,-1.021],[0.515,-1.012],[0.547,-1.007],[0.58,-1.002],[0.613,-0.997],[0.645,-0.993],[0.678,-0.988],[0.711,-0.984],[0.743,-0.979],[0.776,-0.975],[0.809,-0.972],[0.842,-0.97],[0.875,-0.968],[0.908,-0.968],[0.941,-0.97],[0.974,-0.974],[1.006,-0.981],[1.038,-0.988],[1.07,-0.998],[1.099,-1.013],[1.128,-1.028],[1.156,-1.045],[1.185,-1.062],[1.212,-1.08],[1.24,-1.098],[1.268,-1.116],[1.295,-1.135],[1.322,-1.154],[1.348,-1.174],[1.372,-1.197],[1.397,-1.219],[1.421,-1.241],[1.441,-1.267],[1.458,-1.295],[1.472,-1.324],[1.492,-1.351],[1.509,-1.379],[1.53,-1.404],[1.549,-1.431],[1.571,-1.456],[1.59,-1.483],[1.61,-1.51],[1.626,-1.538],[1.64,-1.568],[1.648,-1.6],[1.656,-1.632],[1.66,-1.664],[1.663,-1.697],[1.666,-1.73],[1.669,-1.763],[1.671,-1.796],[1.674,-1.829],[1.675,-1.862],[1.676,-1.895],[1.676,-1.928],[1.676,-1.961],[1.674,-1.994],[1.673,-2.027],[1.67,-2.06],[1.666,-2.092],[1.658,-2.125],[1.65,-2.157],[1.639,-2.188],[1.625,-2.218],[1.611,-2.247],[1.597,-2.277],[1.582,-2.307],[1.568,-2.337],[1.555,-2.367],[1.543,-2.398],[1.533,-2.429],[1.522,-2.46],[1.511,-2.491],[1.5,-2.522],[1.487,-2.553],[1.473,-2.583],[1.457,-2.612],[1.44,-2.64],[1.422,-2.668],[1.404,-2.695],[1.386,-2.723],[1.369,-2.751],[1.352,-2.78],[1.336,-2.808],[1.319,-2.837],[1.303,-2.866],[1.286,-2.894],[1.269,-2.923],[1.253,-2.951],[1.236,-2.98],[1.22,-3.008],[1.204,-3.037],[1.186,-3.065],[1.168,-3.092],[1.15,-3.12],[1.133,-3.149],[1.116,-3.177],[1.097,-3.204],[1.079,-3.231],[1.06,-3.259],[1.042,-3.286],[1.025,-3.314],[1.007,-3.342],[0.991,-3.371],[0.973,-3.399],[0.956,-3.427],[0.939,-3.455],[0.922,-3.483],[0.904,-3.511],[0.887,-3.54],[0.869,-3.568],[0.856,-3.598],[0.845,-3.629],[0.834,-3.66],[0.824,-3.691],[0.814,-3.723],[0.812,-3.73],[0.8,-3.767],[0.793,-3.805],[0.798,-3.843],[0.831,-3.86],[0.869,-3.855],[0.903,-3.837],[0.932,-3.812],[0.959,-3.783],[0.983,-3.753],[1.006,-3.722],[1.028,-3.689],[1.048,-3.657],[1.067,-3.623],[1.084,-3.588],[1.099,-3.552],[1.112,-3.515],[1.123,-3.478],[1.133,-3.441],[1.142,-3.403],